id,location_id,attention,address_1,address_2,address_3,address_4,city,region,state_province,postal_code,country
1,1109839475209474,,"1905 E St SE",,,,Washington,,DC,20003,US
2,1323076878369772,,"3715 2nd Street, SE",,,,Washington,,DC,20032,US
3,1283315251842747,,"9850 Key West Avenue",,,,Rockville,,MD,20850,US
4,867745425991207,,"1733 T Street SE",,,,Washington,,DC,20001,US
5,,,,,,,,,,,US
6,838780960881380,,"3194 Bladensburg Rd. NE",,,,,,,,US
7,987030255962297,,"7511 Fordson Road",,,,Alexandria,,VA,22306,US
8,763729877559385,,"1200 G Street, NW",,,,Washington,,DC,20005,US
9,1189388637168303,,"1105 50th St., N.E.",,,,Washington,,DC,20019,US
10,861906967611938,,"2421 Lawrence St NE",,,,Washington,,DC,20018,US
11,,,,,,,Washington,,"DC ",20001,US
12,1089405934692969,,"5335 Wisconsin Ave NW",,,,Washington,,DC,20015,US
13,1206937936321537,,"1800 M St NW",,,,Washington,,DC,20036,US
14,1140332291662029,,"1201 S Capitol St SW",,,,Washington,,DC,20003,US
15,1282660521731521,,"920 Rhode Island Avenue NE",,,,Washington,,DC,20018,US
16,968786376614445,,"2920 Minnesota Ave SE",,,,Washington,,DC,20019,US
17,1179174778771993,,"18905 Kingsview Rd",,,,Germantown,,MD,20874,US
18,572381295862246,,"7530 Georgia Ave NW",,,,Washington,,DC,20012,US
19,953406517143083,,"820 Chesapeake St SE",,,,Washington,,DC,20032,US
20,1199654488652628,,"3305 Glen Carlyn Road",,,,"Falls Church",,VA,22041,US
21,,,,,,,,,,,US
22,1130006642102532,,"650 Pennsylvania Ave",,,,Washington,,DC,20003,US
23,716790716916689,,"5140 Nannie Helen Burroughs Ave NE",,,,Washington,,DC,20019,US
24,818820237164190,,"7978-B New Hampshire Ave.",,,,Hyattesville,,MD,20783,US
25,,,,,,,,,,,US
26,632725434790464,,"1842 Calvert Street NW",,,,Washington,,DC,20009,US
27,640375823525191,,"2498 Alabama Ave SE",,,,Washington,,DC,20020,US
28,768639914164498,,"1331 H St NW",,,,Washington,,DC,20005,US
29,1150129069386124,,"2712 Ontario Road NW",,,,Washington,," DC",20009,US
30,1209121324412172,,"900 North Capitol Street NW",,,,Washington,,DC,20001,US
31,920364967013405,,"915 Rhode Island Avenue",,,,Washington,,DC,20001,US
32,1154195373907801,,"65 Massachusetts Avenue, NW",,,,Washington,,DC,20001,US
33,644198517647426,,"3016 Martin Luther King SE",,,,Washington,,"DC ",20032,US
34,1295023062659721,,"4301 9th St SE",,,,Washington,,DC,20032,US
35,812882827630009,,"807 2nd St, NW",,,,Washington,,DC,20001,US
36,1166799153375505,,"2041 Martin Luther King Jr. Ave., SE",,,,Washington,,DC,20020,US
37,916613468118556,,"2822-2824 Sherman Avenue, NW",,,,Washington,,DC,20001,US
38,1012923803825523,,"1001 Lawrence St NE",,,,Washington,,DC,20017,US
39,1287723230809141,,"P.O. Box 96763",,,,Washington,,DC,20090,US
40,1318390042587758,,"1455 Old Bridge Road",,,,Woodbridge,,VA,22192,US
41,803526594539754,,"1949 4th Street, N.E.",,,,Washington,,DC,20002,US
42,"1185866432124387,1083708956779513",,"1022 Maryland Ave NE",,,,Washington,,DC,20002,US
43,812651859569539,,"1310 Southern Ave., SE",,,,Washington,,DC,20032,US
44,879768448149613,,"P.O. Box 48626",,,,Washington,,DC,20002,US
45,1201013486946841,,"1509 16th St NW",,,,Washington,,DC,20036,US
46,920572231138004,,"57 O St NW",,,,Washington,,DC,20001,US
47,1274640117388299,,"441 4th St NW",,,,Washington,,DC,20001,US
48,876397346396032,,"5100 Wisconsin Ave NW",,,,Washington,,DC,20016,US
49,936750287730760,,"1126 16th St NW",,,,Washington,,DC,20036,US
50,935220481179962,,"1990 K St NW",,,,Washington,,DC,20001,US
51,836904778271068,,"1719 13th Street NW",,,,Washington,,DC,20009,US
52,765115819494380,,"2900 Newton St NE",,,,Washington,,DC,20018,US
53,1234289739881760,,"1701 14th St NW",,,,Washington,,DC,20009,US
54,1220839720071176,,"64 New York Ave NE",,,,Washington,,DC,20002,US
55,959373006921454,,"300 New Jersey N.W.",,,,Washington,,DC,20001,US
56,1324870517546321,,"3043 30th St. SE",,,,Washington,,DC,20020,US
57,1201917781354008,,"1201 New York Ave NW",,,,Washington,,DC,20005,US
58,951106217202607,,"1711 V Street, S.E.",,,,Washington,,DC,20020,US
59,770635363010046,,"1627 Kenilworth Ave. NE",,,,Washington,,DC," 20019",US
60,"691606849422707,1314518681278904",,"1313 New York Ave NW",,,,Washington,,DC,20005,US
61,931728525653879,,"64 New York Ave, NE",,,,Washington,,DC,20002,US
62,988704048030141,,"118 Brookley Ave SW",,,,Washington,,DC,20032,US
63,799908624348129,,"3933 Benning Rd NE",,,,Washington,,DC,20019,US
64,1147455525775238,,"2 North, 425 2nd St NW",,,,Washington,,DC,20001,US
65,1261619093567791,,"1901 Evarts St. NE",,,,Washington,,DC,20018,US
66,629348329513757,,"3912 Georgia Avenue, NW",,,,Washington,,DC,20011,US
67,"1277910214924473,771634087422781",,"425 2nd St NW",,,,Washington,,DC,20001,US
68,867188743739885,,"4225 6th Street",,,,Washington,,DC,20032,US
69,,,,,,,,,,,US
70,776699670514011,,"2114 14th St NW",,,,Washington,,DC,20009,US
71,1140386841515505,,"1301 Pennsylvania Ave SE",,,,Washington,,DC,20003,US
72,1205522007643431,,"2307 Martin Luther King Jr Ave SE",,,,Washington,,DC,20020,US
73,625764854102357,,"455/457 Florida Avenue, NW",,,,Washington,,DC,20001,US
74,,,"901 G St NW",,,,Washington,,DC,20001,US
75,835677959674778,,"6811 Kenilworth Avenue",,,,Riverdale,,MD,20737,US
76,1001921907887485,,"111 Rhode Island Ave NW",,,,Washington,,DC,20001,US
77,579382634687033,,"602 N St NW",,,,Washington,,DC,20001,US
78,927124137825677,,"919 University Blvd West",,,,"Silver Spring",,MD,20903,US
79,1146632771763115,,"2250 Champlain St NW",,,,Washington,,DC,20009,US
80,856126341619748,,"9850 Key West Ave",,,,Rockville,,MD,20850,US
81,816964939097565,,"71 O St NW",,,,Washington,,DC,20001,US
82,880015218951352,,"1700 Powder Mill Road",,,,Washington,,DC,20903,US
83,873020349083887,,"1312 East Capitol Street",,,,Washington,,DC,20003,US
84,890450452640466,,"5413 16th St. NW",,,,Washington,,DC,20011,US
85,939076222269480,,"4315 3rd St SE",,,,Washington,,DC,20032,US
86,1053529725692782,,"4609 Polk Street, NE",,,,Washington,,DC,20019,US
87,848686188808388,,"4719 Marlboro Pike",,,,"Capitol Heights",,MD,20743,US
88,635908414118431,,"3707 Martin Luther King Jr Ave SE",,,,Washington,,DC,20032,US
89,728145736382163,,"5321 First Place NE",,,,Washington,,DC,20011,US
90,1182935368999640,,"3222 Hubbard Road",,,,Landover,,MD,20785,US
91,638978574424697,,"600 5th St NW",,,,Washington,,DC,20001,US
92,1348564381004436,,"12301 Old Columbia Pike, Suite 200",,,,"Silver Spring",,MD,20904,US
93,1183011241112934,,"6031 Kansas Avenue NW",,,,Washington,,DC,20011,US
94,1161498401444320,,"6925 B Willow Street NW",,,,Washington,,DC,20012,US
95,1235846186580133,,"2204 Martin Luther King Ave. SE",,,,Washington,,DC,20020,US
96,641740493818315,,"3912 Georgia Avenue",,,,Washington,,DC,20011,US
97,1307285743296604,,"1204 3rd St NW",,,,Washington,,DC,20001,US
98,1147823510376197,,"718 7th Street NW",,,,Washington,,DC,20001,US
99,1283411988337750,,"14645 Rothgeb Dr.",,,,Rockville,,MD,20850,US
100,856110821321208,,"901 Rhode Island Ave NW",,,,Washington,,DC,20001,US
101,1291451614834077,,"2500 14th St NW",,,,Washington,,DC,20003,US
102,984550353973330,,"2523 14th St NW",,,,Washington,,DC,20009,US
103,843095304494507,,"1338 G Street SE",,,,Washington,,DC,20003,US
104,,,,,,,Washington,,"DC ",20005,US
105,620132940242525,,"1310 Southern Ave SE",,,,Washington,,DC,20032,US
106,904892331647550,,"8501 Jericho City Drive",,,,Landover,,MD,20785,US
107,753725216657831,,"8118 Good Luck Rd",,,,Lanham,,MD,20706,US
108,878783319164190,," 4201 Butterworth Place, N.W.",,,,Washington,,DC,20016,US
109,1287901333269561,,"601 E St NW",,,,Washington,,DC,20049,US
110,828471643877342,,"1436 U St NW",,,,Washington,,DC,20009,US
111,665576595246792,,"250 E St SW",,,,Washington,,DC,20024,US
112,,,"1313 New York Ave",,,,,,,,US
113,1218813676681454,,"716 I Street SE",,,,Washington,,DC,20003,US
114,932196643976542,,"1133 N Capitol St NE",,,,Washington,,DC,20002,US
115,,,"3101 Martin Luther King Jr Ave SE",,,,,,,,US
116,1112335428289741,,"600 W Street, NE",,,,Washington,,DC,20002,US
117,875107767611380,,"2901 14th St NW",,,,Washington,,DC,20009,US
118,,,"60 O St NW",,,,Washington,,DC,20001,US
119,865999041296626,,"1041 Wisconsin Ave NW",,,,Washington,,DC,20007,US
120,936934819762396,,"415 2nd Street NE",,,,Washington,,DC,20002,US
121,,,,,,,"Washington ",,DC,20009,US
122,1204227139966741,,"3210 SE Corporate Woods Drive",,,,Ankeny,,IA,50021,US
123,1058560288612968,,"1640 Good Hope Road SE",,,,Washington,,DC,20020,US
124,902044061825216,,"12901 Georgia Avenue",,,,Wheaton,,MD,20906,US
125,,,,,,,Washington,,"DC ",20043,US
126,1195857100779606,,"500 I St NW",,,,Washington,,DC,20001,US
127,959978038980815,,"4130 Hunt Place, NE",,,,Washington,,DC,20019,US
128,,,,,,,North,,"SC ",29112,US
129,585101162574385,,"3045 15th Street, NW",,,,Washington,,DC,20009,US
130,,,,,,,,,,,US
131,1005730911773458,,"1620 N Capitol St NW",,,,Washington,,DC,20002,US
132,1116781625364190,,"3939 Benning Rd NE",,,,Washington,,DC,20019,US
133,965499960712698,,"220 I St NE",,,,Washington,,DC,20002,US
134,1109469871110801,,Avenue,,,,"MD 20609",,,,US
135,,,"305 E St NW",,,,Washington,,DC,20001,US
136,,,,,,,Camp,,"AR ",72520,US
137,1019389671178070,,"12800 New Hampshire Ave",,,,"Silver Spring",,MD,20904,US
138,1220017101351760,,"2401 Virginia Ave NW",,,,Washington,,DC,20037,US
139,1045557663297574,,"1150 Varnum St NE",,,,Washington,,DC,20017,US
140,977589590864235,,"200 Wood Hill Road",,,,Rockville,,MD,20850,US
141,847934048599676,,"1234 Massachusetts Ave NW",,,,Washington,,DC,20005,US
142,,,,,,,Stobo,,"PA ",15061,US
143,1197279412047011,,"3985 Mass Ave SE",,,,Washington,,DC,20019,US
144,794797236312168,,"14412 Old Mill Road Suite #201",,,,"Upper Marlboro",,MD,20772,US
145,1091435530922324,,"8151 15th Ave",,,,"Langley Park",,MD,20783,US
146,916631371752727,,"501 3rd Street NW",,,,Washington,,DC,20001,US
147,992745211312122,,"3531 Georgia Avenue NW",,,,Washington,,DC,20010,US
148,,,,,,,,,,,US
149,938406735971229,,"2437 15th St. NW",,,,Washington,,DC,20009,US
150,547920365968268,,"1460 Columbia Rd NW",,,,Washington,,DC,20009,US
151,"595592759444028,612166168856784",,"1131 Spring Road, NW",,,,Washington,,DC,20010,US
152,1161640092680179,,"3000 Pennsylvania Avenue, SE",,,,Washington,,DC,20020,US
153,818297935399976,,"4253 Barnaby Road, SE",,,,Washington,,DC,20032,US
154,680609348421278,,"2000 Channing St NE",,,,Washington,,DC,20018,US
155,1246140596600748,,"8792 Sacramento Drive",,,,Alexandria,,VA,22309,US
156,882333039588739,,"910 Westminster St NW",,,,Washington,,DC,20001,US
157,1203649171352486,,"4406 Georgia Ave NW",,,,Washington,,DC,20011,US
158,814793229124367,,"1825 K St NW",,,,Washington,,DC,20006,US
159,688746232722666,,"2702 Ontario Rd NW",,,,Washington,,DC,20009,US
160,741750394643085,,"425 I St, NW, #700",,,,Washington,,DC,20001,US
161,1262159504249540,,"1474 Columbia Rd NW",,,,Washington,,DC,20009,US
162,1106602330344467,,"2001 Mississippi Ave SE",,,,Washington,,DC,20020,US
163,608497828316445,,"2600 12th St, NE",,,,Washington,,DC,20018,US
164,790873813272838,,"500 K St. NE",,,,Washington,,DC,20002,US
165,888398891117437,,"8720 Georgia Avenue",,,,"Silver Spring",,MD,20910,US
166,586004400786711,,"2041 Martin Luther King Ave.",,,,Washington,,DC,20020,US
167,939050372857166,,"11425 Grandview Ave.",,,,"Silver Spring",,MD,20902,US
168,1299927078956313,,"12301 Old Columbia Pike",,,,"Silver Spring",,MD,20904,US
169,1133664511724903,,"5000 Block Nannie Helen Burroughs Ave NE",,,,Washington,,DC,20019,US
170,656132195479560,,"3924 4th Street SE",,,,Washington,,DC,20032,US
171,1279218262197811,,"1125 New Jersey Avenue, NW",,,,Washington,,DC,20001,US
172,1128869310018968,,"3020 14th St NW",,,,Washington,,DC,20009,US
173,,,,,,,,,,,US
174,,,,,,,,,,,US
175,"909942619088980,692842183271323",,"421 Alabama Ave SE",,,,Washington,,DC,20032,US
176,1044869288351593,,"801 Pennsylvania Ave SE",,,,Washington,,DC,20003,US
177,"1161706256775181,621638073150979",,"2000 14th St NW",,,,Washington,,DC,20009,US
178,1300302103708266,,"50 Irving St NW",,,,Washington,,DC,20422,US
179,"1000709017081839,1120989994777643",,"801 17th Street, NE ",,,,Washington,,DC,20002,US
180,911858349594317,,"3333 14th St NW",,,,Washington,,DC,20010,US
181,1340365653627144,,"20021 Aircraft Drive",,,,Germantown,,MD,20874,US
182,1273044419277442,,"2224 E. Fayette St.",,,,Baltimore,,MD,21231,US
183,1313701156750318,,"2568 Martin Luther King Jr Ave SE",,,,Washington,,DC,20020,US
184,950009053464384,,"501 Sligo Avenue",,,,Washington,,DC,20910,US
185,1098817401970888,,"128 M St NW",,,,Washington,,DC,20001,US
186,1108000021700211,,"1516 Hamilton Street NW",,,,Washington,,DC,20011,US
187,1282604214927911,,"111 Michigan Ave NW",,,,Washington,,DC,20010,US
188,858837023472383,,"1525 7th St NW",,,,Washington,,DC,20001,US
189,1191890430739322,,"311 47th Street NE",,,,Washington,,DC,20019,US
190,671468679071199,,"212 East Capitol St. NE",,,,Washington,,DC,20003,US
191,"1207006040801026,1162558264395905",,"2938 Prosperity Ave",,,,Fairfax,,VA,22031,US
192,1282458965799792,,"2333 Ontario Rd NW",,,,Washington,,DC,20009,US
193,1261460579474983,,"1200 North Capitol Street NW",,,,Washington,,DC,20002,US
194,788509441386056,,"6323 Georgia Ave NW",,,,Washington,,DC,20011,US
195,885824420758755,,"611 Edgewood St., NE",,,,Washington,,DC,20017,US
196,1069725146672559,,"4808 Moorland Lane",,,,Bethesda,,MD,20814,US
197,,,,,,,,,,,US
198,847472462897373,,"200 I St SE",,,,Washington,,DC,20003,US
199,1298013609220199,,"1100 4th St SW",,,,Washington,,DC,20024,US
200,1315826372203677,,"1217 Good Hope Road SE",,,,Washington,,DC,20020,US
201,1123014911424110,,"15245 Shady Grove Road",,,,Rockville,,MD,20850,US
202,984058750613797,,"926 11th St NW",,,,Washington,,DC,20001,US
203,1297547838260579,,"1329 9th St NW",,,,Washington,,DC,20001,US
204,964869638930274,,"100 Gallatin Street NE",,,,Washington,,DC,20011,US
205,1256916637146639,,"4015 Fielding St",,,,Alexandria,,VA,22309,US
206,1270128697077218,,"2500 Parkers Ln",,,,Alexandria,,VA,22306,US
207,1186014650404910,,"1333 N St NW",,,,Washington,,DC,20005,US
208,1229901678210145,,"2207 Columbia Pike",,,,Arlington,,VA,22204,US
209,848140138973075,,"1628 16th St NW",,,,Washington,,DC,20009,US
210,1272844736960116,,"645 Pennsylvania Ave SE",,,,Washington,,DC,20003,US
211,817854864378068,,"1413 K St NW",,,,Washington,,DC,20005,US
212,1279712967379272,,"5255 Loughboro Rd NW",,,,Washington,,DC,20016,US
213,995652098008403,,"1412 Minnesota Ave SE",,,,Washington,,DC,20020,US
214,1166838878012103,,"2200 California St NW",,,,Washington,,DC,20008,US
215,1101386810121427,,"429 O Street, NW",,,,Washington,,DC,20001,US
216,"903707682119815,923653351035648",,"60 O St NW",,,,Washington,,DC,20001,US
217,956369396938800,,"1328 Southern Avenue",,,,Washington,,DC,20032,US
218,"1266854743896634,776793732904241",,"305 E St NW",,,,Washington,,DC,20001,US
219,794801403576891,,"1320 Mississippi Avenue, SE",,,,Washington,,DC,20032,US
220,901614727736762,,"2 18th St SE",,,,Washington,,DC,20003,US
221,,,,,,,,,,,US
222,1266604236381612,,"714 G St SE",,,,Washington,,DC,20003,US
223,771071731283748,,"300 Indiana Ave NW",,,,Washington,,DC,20001,US
224,1112049443949860,,"4606 16th St NW",,,,Washington,,DC,20011,US
225,646558365152210,,"1330 Missouri Street NW",,,,Washington,,DC,20011,US
226,956135951962872,,"500 Indiana Avenue, NW",,,,Washington,,DC,20001,US
227,694216969315685,,"1801 East Jefferson St.",,,,Rockville,,MD,20852,US
228,865063089655254,,"899 North Capitol St NE",,,,Washington,,DC,20002,US
229,1295311939008541,,"2200 Rhode Island Avenue, NE",,,,Washington,,DC,20018,US
230,1186823261288379,,"301 Rhode Island Ave NW",,,,Washington,,DC,20001,US
231,1264011549910449,,"1627 K St NW",,,,Washington,,DC,20006,US
232,1328933813930427,,"3600 Brightseat Rd",,,,Glenarden,,"MD ",20706,US
233,,,"1419 Columbia Rd NW",,,,Washington,,DC,20009,US
234,"1045140628063947,1220597047470925,903036719647021",,"1525 Newton St NW",,,,Washington,,DC,20010,US
235,965470521205325,,"8505 Springvale Rd.",,,,"Silver Spring",,MD,20910,US
236,867684167756788,,"1156 15th St NW",,,,Washington,,DC,20005,US
237,,,"425 2nd St NW",,,,Washington,,DC,20001,US
238,1240567562394258,,"8615 Piney Branch Rd.",,,,"Silver Spring",,MD,20901,US
239,1090162375763715,,"4 Atlantic Street, SW",,,,Washington,,DC,20032,US
240,1289140698414142,,"4228 Wisconsin Ave NW",,,,Washington,,DC,20016,US
241,"924628911683577,685766591979438",,"12320 Parklawn Drive",,,,Rockville,,MD,20852,US
242,574114996921997,,,,,,"Capitol Heights",,MD,,US
243,"803343321842264,1338999388183746",,"1725 Lincoln Rd NE",,,,Washington,,DC,20002,US
244,979447652621070,,"3023 Hamaker Court",,,,Fairfax,,VA,22031,US
245,1218038521689235,,"400 50th Street, SE",,,,Washington,,DC,20019,US
246,884179044911706,,"2115 Ward Court NW",,,,Washington,,DC,20037,US
247,1287087731647843,,"500 Indiana Ave NW",,,,Washington,,DC,20001,US
248,"1242363315641650,928679802213891",,"901 G St NW",,,,Washington,,DC,20001,US
249,,,,,,,,,,,US
250,1251056114217612,,"2709 Popkins Lane",,,,Alexandria,,VA,22306,US
251,545659771156125,,"1320-1322 Anacostia Road SE",,,,Washington,,DC,20010,US
252,912957411649595,,"3101 Martin Luther King Jr Ave SE",,,,Washington,,DC,20032,US
253,1215517692128370,,"611 N St NW",,,,Washington,,DC,20001,US
254,1318861728823017,,"6856 Eastern Ave NW",,,,Washington,,DC,20012,US
255,546085340417620,,"924 G St NW",,,,Washington,,DC,20001,US
256,,,,,,,Squire,,"WV ",24884,US
257,876205598154141,,"6475 New Hampshire Ave",,,,Hyattsville,,MD,20783,US
258,796479538430138,,"2025 M Street",,,,Washington,,DC,20036,US
259,,,,,,,,,,,US
260,1052806219928789,,"601 Division Avenue NE",,,,Washington,,DC,20019,US
261,877263478223136,,"850 26th St., NE",,,,Washington,,DC,20002,US
262,828792720206018,,"400 I St SW",,,,Washington,,DC,20024,US
263,877958047132310,,"1421 37th St NW",,,,Washington,,DC,20057,US
264,1170113060894673,,"2831 15th St NW",,,,Washington,,DC,20009,US
265,1297060122320888,,"1618 Monroe St NW",,,,Washington,,DC,20010,US
266,643145676043430,,"15th St NW & K Street Northwest",,,,Washington,,DC,20005,US
267,789258912445477,,"1957 4th Street, N.E.",,,,Washington,,DC,20002,US
268,1268338961312460,,"4065 Minnesota Ave NE",,,,Washington,,DC,20019,US
269,1204175927893390,,"768 Morton Street, NW",,,,Washington,,DC,20010`,US
270,1293474810072073,,"3912 Georgia Ave NW",,,,Washington,,DC,20011,US
271,674131229606594,,"3720 Martin Luther King Jr Ave SE",,,,Washington,,DC,20032,US
272,871972134291589,,"6323 Georgia Ave",,,,Washington,,DC,20011,US
273,536496426622681,,"645 H St NE",,,,Washington,,DC,20002,US
274,791197553917784,,"1920 G Street NW",,,,Washington,,DC,20006,US
275,955920420939787,,"2509 Good Hope Road SE",,,,Washington,,DC,20020,US
276,928012146500435,,"7941 Janna Lee Avenue",,,,Alexandria,,VA,22306,US
277,786926809235258,,"1200 U St NW",,,,Washington,,DC,20009,US
278,,,,,,,Washington,,"DC ",20032,US
279,994012462825446,,"906 H Street NE",,,,Washington,,DC,20002,US
280,577194179164801,,"5032 D St., SE",,,,Washington,,DC,20019,US
281,813250237828389,,"9506 Richmond Hwy",,,,Lorton,,VA,22079,US
282,756139435965093,,"1008 45th St NE",,,,Washington,,DC,20019,US
283,1156618843458652,,"1400 Florida Ave NE",,,,Washington,,DC,20002,US
284,556992607571593,,"2200 S Dakota Ave NE",,,,Washington,,DC,20018,US
285,1118428224846105,,"5 Thomas Cir NW",,,,Washington,,DC,20005,US
286,947853021041099,,"2410 17th St NW",,,,Washington,,DC,20009,US
287,794544831800797,,"8818 Piney Branch Rd",,,,"Silver Spring",,MD,20903,US
288,931886810745529,,"4713 Wisconsin Ave NW",,,,Washington,,DC,20016,US
289,616652943932532,,"2001 14th St SE",,,,Washington,,DC,20020,US
290,806538913069520,,"4100 Mohawk Lane",,,,Alexandria,,VA,22309,US
291,873273529728080,,"2315 18th Place NE",,,,Washington,,DC,20018,US
292,1052799655566995,,"2041 Martin Luther King",,,,Washington,,DC,20020,US
293,946396771118356,,"1818 New York Ave NE",,,,Washington,,DC,20018,US
294,905037841940941,,"3211 Sacred Heart Way",,,,Washington,,DC,20010,US
295,778459456343468,,"601 Edgewood St., NE",,,,Washington,,DC,20017,US
296,1154084082448020,,"2501 18th St NE",,,,Washington,,DC,20018,US
297,1091888223201074,,"330-B S. Virginia Ave.",,,,"Falls Church",,VA,22046,US
298,610894518918920,,"9159 Brookville Road",,,,"Silver Spring",,MD,20910,US
299,793256928193231,,"3321 11th St NW",,,,Washington,,DC,20010,US
300,1002753920993717,,"10001 Rhode Island Ave",,,,"College Park",,MD,20740,US
301,1262539583552576,,"5028 Wisconsin Ave NW",,,,Washington,,DC,20016,US
302,1135122975308953,,"20501 Georgia Avenue",,,,Brookville,,MD,20833,US
303,984945374868800,,"1413 Girard Street, NW",,,,Washington,,DC,20009,US
304,,,,,,,Washington,,"DC ",20032,US
305,902696829688820,,"8794-A Sacramento Drive",,,,Alexandria,,VA,22309,US
306,1183432963433388,,"8757 Georgia Ave",,,,"Silver Spring",,MD,20910,US
307,743353111808252,,"828 Evarts Street NE",,,,Washington,,DC,20018,US
308,835499994326344,,"801 7th St., SW",,,,Washington,,DC,20024,US
309,968722175760593,,"1338 North Capitol St NW",,,,Washington,,DC,20002,US
310,890234129642572,,"6010 Georgia Ave. NW",,,,Washington,,DC,20011,US
311,945061241324147,,"6525 Belcrest Rd",,,,Hyattsville,,MD,20782,US
312,861096970014349,,"3845 South Capitol Street",,,,Washington,,DC,20032,US
313,999755198000719,,"1649 Good Hope Rd SE",,,,Washington,,DC,20020,US
314,616773646539267,,"821 Howard Rd SE",,,,Washington,,DC,20020,US
315,628637355176202,,"25 - 53rd Street NE",,,,Washington,,DC,20019,US
316,805806723754090,,"1000 Forest Glen Road",,,,"Silver Springs",,MD,20901,US
317,979563581148756,,"734 University Ave. E.",,,,"Silver Spring",,MD,20903,US
318,868710877316469,,"3166 Mt Pleasant St. NW",,,,Washington,,DC,20010,US
319,614054990318357,,"4058 Minnesota Ave NE",,,,Washington,,DC,20019,US
320,1286395778585315,,"2419 Minnesota Ave SE",,,,Washington,,DC,20020,US
321,1146981306227913,,"1501 Columbia Rd NW",,,,Washington,,DC,20009,US
322,1321118518935089,,"3025 Hamaker Court, Suite 450",,,,Fairfax,,VA,22031,US
323,803276717045236,,"2375 Elvans Road S.E.",,,,Washington,,DC,20020,US
324,834887345290440,,"700 Princess Street",,,,Alexandria,,VA,22314,US
325,757770995905648,,"2 Teachers Way, Room 200",,,,Gaithersburg,,MD,20877,US
326,826027653390612,,"3309 16th St NW",,,,Washington,,DC,20010,US
327,814720878521693,,"2601 18th St NE",,,,Washington,,DC,20018,US
328,"609550690795774,1286648129611472,818839794992906",,"2041 Martin Luther King Jr. Ave, SE",,,,Washington,,DC,20020,US
329,1092213609334000,,"1300 1st St NE",,,,Washington,,DC,20002,US
330,1163808823186351,,"2041 Georgia Ave NW",,,,Washington,,DC,20060,US
331,1274749149318878,,"1434 Harvard St NW",,,,Washington,,DC,20009,US
332,"692231605294536,957585009039168",,"2300 Martin Luther King Jr Ave SE",,,,Washington,,DC,20020,US
333,866160986976618,,"3917 Minnesota Ave NE",,,,Washington,,DC,20019,US
334,1154204314985719,,"202 Custer Rd",,,,"Ft Myer",,VA,22211,US
335,1218278923208260,,"1351 Alabama Ave SE",,,,Washington,,DC,20032,US
336,901362892558172,,"4501 Grant Street NE",,,,Washington,,DC,20019,US
337,1213006663268025,,"624 9th St NW",,,,Washington,,DC,20001,US
338,1179332074138565,,"1012 14th St NW",,,,Washington,,DC,20005,US
339,813926334906214,,"1470 Irving St. NW",,,,Washington,,DC,20010,US
340,602791638266539,,"1221 Taylor Street NW",,,,Washington,,DC,20011,US
341,1108850981657232,,"4201 Connecticut Ave., NW",,,,Washington,,DC,20008,US
342,1266225890742478,,"1111 Taft St",,,,Rockville,,MD,20850,US
343,1054369210651155,,"3029 Martin Luther King, Jr. Ave SE",,,,Washington,,DC,20032,US
344,1191165945054651,,"1734 7th St. NW",,,,Washington,,DC,20001,US
345,593420875501329,,"1318 Park Road, NW",,,,Washington,,DC,20010,US
346,841307455613093,,"1400 Decatur St NW",,,,Washington,,DC,20011,US
347,994308933727557,,"3401 Martin Luther King Jr. Ave, SE",,,,Washington,,DC,20032,US
348,1254506542357377,,"635 I Street, NE",,,,Washington,,DC,20002,US
349,857875532631251,,"219 Riggs Road",,,,Washington,,DC,20011,US
350,833655491101686,,"2701 Prosperity Ave",,,,Fairfax,,VA,22031,US
351,946508354826345,,"9900 Georgia Avenue",,,,"Silver Spring",,MD,20902,US
352,1175342324463616,,"403 Brightseat Road",,,,Landover,,MD,20785,US
353,,,,,,,,,,,US
354,947434898715713,,"2375 Elvans Rd. SE",,,,Washington,,DC,20020,US
355,659628565110513,,"899 N Capitol St NE",,,,Washington,,DC,20002,US
356,1191156779628062,,"3300 Pennsylvania Ave SE",,,,Washington,,DC,20020,US
357,688457108968845,,"920 Rhode Island Avenue, NE",,,,Washington,,DC,20014,US
358,1115728022119882,,"7510 Maple Ave",,,,"Takoma Park",,MD,20912,US
359,926855982380347,,"4326 14th Street, NW",,,,Washington,,DC,20011,US
360,945081690439180,,"2112 F Street, N.W. Suite 102",,,,Washington,,DC,20037,US
361,867077559081285,,"2525 12th Pl SE",,,,Washington,,DC,20020,US
362,638793416229400,,"75 P St NE",,,,Washington,,DC,20002,US
363,1188102183681608,,"801 Buchanan St NE",,,,Washington,,DC,20017,US
364,897673459565497,,"1900 Massachusetts Ave, SE",,,,Washington,,DC,20003,US
365,1185969381076176,,"4301 Connecticut Ave NW",,,,Washington,,DC,20008,US
366,906651913636867,,"9518 Richmond Hwy",,,,Lorton,,VA,22079,US
367,952434908769061,,"2112 Varnum Street, NE",,,,Washington,,DC,20018,US
368,1284966614626832,,"4017 Minnesota Avenue, NE",,,,Washington,,DC,20019,US
369,,,"2731 Connecticut Ave NW",,,,Washington,,DC,20008,US
370,647497712481280,,"2412 Minnesota Avenue, SE",,,,Washington,,DC,20020,US
371,"861447627614096,1159564548417950",,"1419 Columbia Rd NW",,,,Washington,,DC,20009,US
372,616405328742379,,"1667 Good Hope Rd SE",,,,Washington,,DC,20020,US
373,948736838709158,,"1345 U Street SE",,,,Washington,,DC,20020,US
374,561801011049427,,"7603 Georgia Ave NW",,,,Washington,,DC,20012,US
375,816301601038577,,"3400 14th St. NW",,,,Washington,,DC,20010,US
376,1261924735850333,,"1876 4th St NE",,,,Washington,,DC,20002,US
377,1289997318242966,,"6196 Oxon Hill Rd., Suite 340",,,,"Oxon Hill",,MD,20745,US
378,798494517814959,,"260 54th Street NE",,,,Washington,,DC,20019,US
379,,,"500 C St NE",,,,Washington,,DC,20002,US
380,847752209986828,,"9440 Marlboro Pike",,,,"Upper Marlboro",,MD,20772,US
381,666148222775634,,"4125 Albemarle St NW",,,,Washington,,DC,20016,US
382,636804178113511,,"33 University Blvd E",,,,"Silver Spring",,MD,20901,US
383,1104646684650585,,"6123 Montrose Road",,,,Rockville,,MD,20852,US
384,,,,,,,Washington,,"DC ",20017,US
385,594960886051316,,"2907 Martin Luther King Jr Ave SE",,,,Washington,,DC,20032,US
386,1282997809596504,,"840 Chesapeake St, SE",,,,Washington,,DC,20032,US
387,771897230838212,,"2303 14th Street N.W",,,,Washington,,DC,20009,US
388,773029335736391,,"701 Maryland Avenue NE",,,,Washington,,DC,20002,US
389,764854375292129,,"10056 Dean Dr.",,,,Manassas,,VA,20110,US
390,870889793389860,,"741 8th St SE",,,,Washington,,DC,20003,US
391,,,fdrfr,,,,Washington,,DC,frgdf,US
392,,,"10001111 Rhode Island Ave",,,,"College Park",,MD,20740,US
393,,,"Street Address:",,,,Washington,,DC,10010,US
394,,,"Street Address:2134",,,,Rockville,,AR,10011,US
395,,,"Facility Alternate Name:",,,,Rockville,,DC,"Facility Alternate Name:",US
396,,,"357 Empire Boulevard",,,,Rockville,,DC,11225,US
397,,,"12 Sample Road",,,,,,,,
398,,,"555 H st NW",,,,Washington,,DC,20002,
399,,,"1818 New York Ave NE Washington DC 20018",,,,Washington,,DC,20002,
400,,,"123 Main Street",,,,"Anytown USA 55515",,,,
401,,,"1234 Main Street",,,,Anytown,,DC,11555,
402,,,"12 Sample Road",,,,,,",",,
403,,,"12 Sample Road",,,,,,",,",,
